Attrition,Age,MonthlyIncome,Gender,Education,WorkLifeBalance,JobSatisfaction,PercentSalaryHike,BusinessTravel
Yes,41,5993,Female,2,1,4,11,Travel_Rarely
No,49,5130,Male,1,3,2,23,Travel_Frequently
Yes,37,2090,Male,2,3,3,15,Travel_Rarely
No,33,2909,Female,4,3,3,11,Travel_Frequently
No,27,3468,Male,1,3,2,12,Travel_Rarely
No,32,3068,Male,2,2,4,13,Travel_Frequently
No,59,2670,Female,3,2,1,20,Travel_Rarely
No,30,2693,Male,1,3,3,22,Travel_Rarely
No,38,9526,Male,3,3,3,21,Travel_Frequently
No,36,5237,Male,3,2,3,13,Travel_Rarely
No,35,2426,Male,3,3,2,13,Travel_Rarely
No,29,4193,Female,2,3,3,12,Travel_Rarely
No,31,2911,Male,1,2,3,17,Travel_Rarely
No,34,2661,Male,2,3,4,11,Travel_Rarely
Yes,28,2028,Male,3,3,3,14,Travel_Rarely
No,29,9980,Female,4,3,1,11,Travel_Rarely
No,32,3298,Male,2,2,2,12,Travel_Rarely
No,22,2935,Male,2,2,4,13,Non-Travel
No,53,15427,Female,4,3,4,16,Travel_Rarely
No,38,3944,Male,3,3,4,11,Travel_Rarely
No,24,4011,Female,2,2,3,18,Non-Travel
Yes,36,3407,Male,4,3,1,23,Travel_Rarely
No,34,11994,Female,4,3,2,11,Travel_Rarely
No,21,1232,Male,2,3,4,14,Travel_Rarely
Yes,34,2960,Male,1,3,1,11,Travel_Rarely
No,53,19094,Female,3,2,3,11,Travel_Rarely
Yes,32,3919,Female,1,3,1,22,Travel_Frequently
No,42,6825,Male,4,3,2,11,Travel_Rarely
No,44,10248,Female,4,3,4,14,Travel_Rarely
No,46,18947,Female,4,2,1,12,Travel_Rarely
No,33,2496,Male,3,3,4,11,Travel_Rarely
No,44,6465,Male,4,4,4,13,Travel_Rarely
No,30,2206,Male,2,3,3,13,Travel_Rarely
Yes,39,2086,Male,3,4,4,14,Travel_Rarely
Yes,24,2293,Male,3,2,4,16,Travel_Rarely
No,43,2645,Female,2,2,3,12,Travel_Rarely
Yes,50,2683,Male,2,3,3,14,Travel_Rarely
No,35,2014,Female,3,3,4,13,Travel_Rarely
No,36,3419,Female,4,4,1,14,Travel_Rarely
No,33,5376,Female,3,3,1,19,Travel_Frequently
No,35,1951,Male,2,3,4,12,Travel_Rarely
No,27,2341,Female,4,3,1,13,Travel_Rarely
Yes,26,2293,Male,3,2,3,12,Travel_Rarely
No,27,8726,Male,3,3,3,15,Travel_Frequently
No,30,4011,Female,2,3,4,23,Travel_Frequently
Yes,41,19545,Female,3,3,3,12,Travel_Rarely
No,34,4568,Male,4,3,3,20,Non-Travel
No,37,3022,Male,2,3,2,21,Travel_Rarely
No,46,5772,Male,4,3,4,21,Travel_Frequently
No,35,2269,Male,1,3,4,19,Travel_Rarely
Yes,48,5381,Male,2,3,3,13,Travel_Rarely
Yes,28,3441,Male,4,2,3,13,Travel_Rarely
No,44,5454,Female,5,2,1,21,Travel_Rarely
No,35,9884,Male,2,3,1,13,Non-Travel
No,26,4157,Female,3,2,4,19,Travel_Rarely
No,33,13458,Female,2,3,4,12,Travel_Frequently
No,35,9069,Male,5,2,1,22,Travel_Frequently
No,35,4014,Female,4,3,1,15,Travel_Rarely
No,31,5915,Male,4,2,4,22,Travel_Rarely
No,37,5993,Male,4,4,3,18,Travel_Rarely
No,32,6162,Male,3,3,4,22,Travel_Rarely
No,38,2406,Female,5,3,4,11,Travel_Frequently
No,50,18740,Female,2,2,3,12,Travel_Rarely
No,59,7637,Female,3,2,1,11,Travel_Rarely
No,36,10096,Female,3,3,3,13,Travel_Rarely
No,55,14756,Female,3,3,3,14,Travel_Rarely
No,36,6499,Male,3,3,2,13,Travel_Frequently
No,45,9724,Male,3,3,1,17,Travel_Rarely
No,35,2194,Male,3,2,1,13,Travel_Frequently
Yes,36,3388,Male,3,2,3,17,Travel_Rarely
No,59,5473,Female,1,2,3,11,Travel_Frequently
No,29,2703,Male,3,3,2,23,Travel_Rarely
No,31,2501,Male,4,3,2,17,Travel_Rarely
No,32,6220,Male,3,3,2,17,Travel_Rarely
No,36,3038,Female,3,3,4,12,Travel_Rarely
No,31,4424,Female,4,3,4,23,Travel_Rarely
No,35,4312,Male,4,3,1,14,Travel_Rarely
No,45,13245,Male,4,4,1,14,Travel_Rarely
No,37,13664,Male,4,4,3,13,Travel_Rarely
No,46,5021,Male,2,3,2,22,Travel_Rarely
No,30,5126,Male,1,2,4,12,Travel_Rarely
No,35,2859,Male,3,3,3,18,Travel_Rarely
No,55,10239,Male,2,3,4,14,Travel_Rarely
No,38,5329,Female,3,3,4,12,Non-Travel
No,34,4325,Male,2,3,2,15,Travel_Rarely
No,56,7260,Male,3,2,4,11,Travel_Rarely
No,23,2322,Male,1,3,1,13,Travel_Rarely
No,51,2075,Male,4,3,4,23,Travel_Rarely
No,30,4152,Male,3,3,4,19,Travel_Rarely
Yes,46,9619,Male,2,3,4,16,Travel_Rarely
No,40,13503,Male,4,2,2,22,Travel_Frequently
No,51,5441,Male,4,1,4,22,Travel_Rarely
No,30,5209,Female,2,2,2,12,Travel_Rarely
No,46,10673,Male,3,2,1,13,Travel_Frequently
No,32,5010,Male,4,3,3,16,Travel_Rarely
No,54,13549,Female,4,1,3,12,Travel_Rarely
No,24,4999,Female,2,2,3,21,Travel_Rarely
No,28,4221,Male,3,4,3,15,Non-Travel
No,58,13872,Male,4,2,3,13,Travel_Rarely
No,44,2042,Male,3,4,2,12,Non-Travel
Yes,37,2073,Male,4,3,1,22,Travel_Rarely
No,32,2956,Male,1,3,1,13,Travel_Rarely
Yes,20,2926,Female,3,3,4,18,Travel_Frequently
No,34,4809,Female,4,3,3,14,Travel_Rarely
No,37,5163,Male,2,4,4,14,Non-Travel
No,59,18844,Female,4,3,4,21,Non-Travel
No,50,18172,Female,3,2,2,19,Travel_Frequently
Yes,25,5744,Male,3,3,3,11,Travel_Rarely
No,25,2889,Male,1,3,4,11,Travel_Rarely
No,22,2871,Female,3,3,4,15,Travel_Rarely
No,51,7484,Female,4,2,1,20,Travel_Frequently
Yes,34,6074,Male,3,3,3,24,Travel_Frequently
No,54,17328,Female,3,3,4,12,Non-Travel
No,24,2774,Male,1,3,3,12,Travel_Rarely
No,34,4505,Female,4,3,2,15,Travel_Rarely
No,37,7428,Male,3,3,4,12,Travel_Rarely
No,34,11631,Female,3,3,1,12,Travel_Rarely
No,36,9738,Female,2,3,4,14,Travel_Frequently
No,36,2835,Female,2,3,4,22,Travel_Rarely
No,43,16959,Male,2,4,4,12,Travel_Frequently
No,30,2613,Male,3,2,3,25,Travel_Frequently
No,33,6146,Male,2,4,2,13,Non-Travel
Yes,56,4963,Female,4,3,2,18,Travel_Rarely
No,51,19537,Male,3,3,3,13,Travel_Rarely
Yes,31,6172,Male,4,2,3,18,Travel_Rarely
No,26,2368,Female,3,2,2,19,Travel_Rarely
Yes,58,10312,Female,4,2,4,12,Travel_Rarely
Yes,19,1675,Male,1,2,3,19,Travel_Rarely
No,22,2523,Male,1,3,4,14,Travel_Rarely
No,49,6567,Female,4,2,1,14,Travel_Rarely
No,43,4739,Female,3,3,3,12,Travel_Frequently
No,50,9208,Female,3,3,4,11,Travel_Frequently
Yes,31,4559,Female,3,3,3,11,Travel_Rarely
No,41,8189,Male,1,3,3,13,Travel_Rarely
No,26,2942,Female,1,3,3,23,Travel_Rarely
No,36,4941,Male,2,3,2,20,Travel_Rarely
Yes,51,10650,Male,4,3,4,15,Travel_Frequently
No,39,5902,Female,4,4,3,14,Travel_Rarely
No,25,8639,Male,3,3,3,18,Travel_Rarely
No,30,6347,Male,3,1,4,19,Travel_Rarely
Yes,32,4200,Female,3,4,1,22,Travel_Rarely
No,45,3452,Male,3,2,4,13,Travel_Rarely
No,38,4317,Female,5,3,3,20,Travel_Rarely
No,30,2632,Female,3,2,3,14,Travel_Rarely
No,32,4668,Male,2,4,4,17,Travel_Frequently
No,30,3204,Female,3,3,1,14,Travel_Rarely
No,30,2720,Male,1,3,4,13,Travel_Rarely
No,41,17181,Male,3,2,1,13,Travel_Frequently
No,41,2238,Male,4,3,1,21,Travel_Rarely
No,19,1483,Female,1,3,2,14,Travel_Rarely
No,40,5605,Female,3,3,2,11,Travel_Frequently
No,35,7295,Male,5,3,2,13,Travel_Rarely
No,53,2306,Male,2,1,3,20,Travel_Rarely
No,45,2348,Male,3,1,2,18,Travel_Rarely
No,32,8998,Female,3,3,4,14,Travel_Frequently
No,29,4319,Male,1,3,3,13,Non-Travel
No,51,6132,Male,4,3,3,17,Travel_Rarely
No,58,3346,Female,3,2,2,20,Travel_Rarely
No,40,10855,Male,4,2,4,11,Travel_Rarely
No,34,2231,Female,4,3,3,18,Travel_Frequently
No,22,2323,Male,1,3,4,24,Travel_Rarely
No,27,2024,Male,3,1,2,18,Non-Travel
No,28,2713,Male,3,1,4,11,Travel_Rarely
No,57,9439,Male,2,1,4,16,Travel_Rarely
No,27,2566,Male,3,2,3,15,Non-Travel
No,50,19926,Female,3,3,2,15,Travel_Rarely
No,41,2451,Male,3,3,3,12,Travel_Rarely
No,30,9419,Female,3,3,4,12,Travel_Rarely
No,38,8686,Female,4,4,4,22,Travel_Rarely
No,32,3038,Male,5,3,3,20,Travel_Rarely
No,27,3058,Male,3,2,2,16,Travel_Rarely
Yes,19,2325,Female,1,4,1,21,Travel_Frequently
No,36,2088,Male,2,2,2,12,Travel_Frequently
No,30,3072,Male,3,3,1,11,Non-Travel
No,45,5006,Female,2,4,1,11,Travel_Rarely
No,56,4257,Female,3,3,1,18,Travel_Rarely
No,33,2500,Male,3,4,4,14,Travel_Rarely
Yes,19,1102,Male,3,2,4,22,Travel_Rarely
No,46,10453,Female,2,3,1,25,Travel_Rarely
No,38,2288,Female,2,3,4,12,Travel_Rarely
No,31,3929,Female,1,3,4,23,Travel_Rarely
No,34,2311,Female,2,3,2,15,Travel_Rarely
Yes,41,3140,Female,2,2,2,22,Travel_Rarely
No,50,3690,Male,3,2,3,15,Travel_Rarely
No,53,4450,Female,2,3,1,11,Travel_Rarely
No,33,2756,Female,3,3,2,13,Travel_Rarely
No,40,19033,Female,1,3,3,14,Travel_Rarely
No,55,18722,Male,4,3,2,11,Travel_Rarely
No,34,9547,Male,1,2,3,17,Travel_Frequently
No,51,13734,Female,3,3,2,18,Travel_Rarely
No,52,19999,Male,4,3,3,14,Travel_Rarely
No,27,2279,Female,3,2,2,16,Travel_Rarely
Yes,35,5916,Male,2,3,3,13,Travel_Rarely
No,43,2089,Male,3,4,4,14,Non-Travel
No,45,16792,Male,2,3,4,23,Non-Travel
No,37,3564,Male,3,2,1,12,Travel_Rarely
No,35,4425,Female,3,3,2,11,Travel_Frequently
No,42,5265,Female,2,3,3,16,Non-Travel
No,38,6553,Male,4,3,3,14,Travel_Rarely
No,38,6261,Male,3,1,4,18,Travel_Rarely
No,27,4298,Male,1,3,1,19,Travel_Frequently
No,49,6804,Male,4,3,4,15,Non-Travel
No,34,3815,Male,4,4,3,17,Travel_Frequently
No,40,2741,Male,2,4,4,15,Travel_Rarely
Yes,38,6673,Male,1,3,1,19,Travel_Rarely
Yes,29,7639,Female,3,2,4,22,Travel_Rarely
No,22,2328,Male,3,2,2,16,Travel_Rarely
No,36,2153,Female,1,3,4,13,Travel_Frequently
No,40,4876,Male,5,1,4,14,Non-Travel
No,46,9396,Male,4,3,1,16,Travel_Rarely
Yes,32,10400,Male,4,2,4,11,Travel_Rarely
No,30,8474,Male,1,3,3,22,Non-Travel
No,27,9981,Female,3,3,3,14,Travel_Frequently
No,51,12490,Male,4,1,2,16,Travel_Rarely
Yes,30,2657,Female,3,3,1,11,Travel_Rarely
No,41,13591,Female,3,3,4,18,Travel_Rarely
Yes,30,6696,Female,4,2,1,15,Travel_Frequently
Yes,29,2058,Male,3,2,3,14,Travel_Rarely
No,45,8865,Female,3,3,4,12,Non-Travel
No,54,5940,Female,3,3,1,14,Travel_Rarely
No,36,5914,Male,2,4,2,16,Travel_Rarely
No,33,2622,Female,4,3,2,21,Travel_Rarely
No,37,12185,Male,3,3,4,14,Travel_Frequently
No,38,10609,Male,3,2,3,12,Travel_Rarely
No,31,4345,Male,4,3,3,12,Non-Travel
No,59,2177,Male,3,3,4,17,Travel_Rarely
No,37,2793,Male,4,3,4,17,Travel_Frequently
No,29,7918,Female,1,3,4,14,Travel_Frequently
No,35,8789,Female,3,4,3,14,Travel_Frequently
Yes,29,2389,Male,1,2,4,13,Travel_Rarely
No,52,3212,Female,3,2,4,15,Travel_Rarely
No,42,19232,Male,2,3,4,11,Travel_Rarely
No,59,2267,Male,2,2,3,17,Travel_Rarely
No,50,19517,Female,4,2,4,11,Travel_Rarely
Yes,33,2436,Male,3,1,4,13,Travel_Rarely
No,43,16064,Female,3,3,4,22,Travel_Rarely
Yes,33,2707,Female,2,4,1,20,Travel_Rarely
No,52,19068,Male,4,4,3,18,Non-Travel
No,32,3931,Female,2,3,2,11,Travel_Rarely
Yes,32,3730,Male,3,1,3,14,Travel_Rarely
No,39,2232,Female,4,3,3,14,Travel_Rarely
No,32,4465,Male,4,3,4,18,Non-Travel
No,41,3072,Male,2,2,1,16,Travel_Rarely
No,40,3319,Male,2,3,4,17,Travel_Rarely
No,45,19202,Male,3,3,4,11,Travel_Rarely
No,31,13675,Male,4,3,3,12,Travel_Frequently
No,33,2911,Female,4,2,4,13,Travel_Rarely
No,34,5957,Male,4,3,1,13,Travel_Rarely
No,37,3920,Female,2,2,1,14,Travel_Rarely
No,45,6434,Male,4,3,3,17,Travel_Frequently
Yes,37,10048,Male,3,3,3,11,Travel_Frequently
No,39,10938,Female,4,3,3,25,Travel_Frequently
No,29,2340,Male,3,3,4,19,Travel_Rarely
No,42,6545,Female,2,3,1,13,Travel_Rarely
No,29,6931,Male,2,3,4,14,Travel_Rarely
No,25,4898,Female,3,3,3,12,Travel_Rarely
No,42,2593,Female,3,3,1,11,Travel_Rarely
No,40,19436,Male,2,3,3,19,Travel_Rarely
No,51,2723,Male,3,2,4,11,Travel_Rarely
Yes,31,3479,Male,2,4,2,11,Travel_Frequently
No,32,2794,Male,3,1,2,20,Travel_Frequently
No,38,5249,Male,2,3,4,18,Non-Travel
No,32,2176,Male,1,3,1,13,Travel_Rarely
No,46,16872,Female,3,2,2,12,Travel_Rarely
Yes,28,3485,Male,4,1,3,11,Travel_Rarely
No,29,6644,Male,3,3,2,19,Travel_Rarely
No,31,5582,Male,3,3,4,21,Travel_Rarely
No,25,4000,Male,2,3,1,12,Non-Travel
No,45,13496,Male,2,3,4,14,Travel_Rarely
No,36,3210,Male,3,3,4,11,Travel_Rarely
No,55,19045,Male,3,3,1,14,Travel_Rarely
Yes,47,11849,Male,4,2,2,12,Non-Travel
No,28,2070,Male,3,2,4,23,Travel_Rarely
No,37,6502,Male,4,4,4,14,Travel_Rarely
No,21,3230,Male,2,4,3,17,Travel_Rarely
No,37,13603,Female,4,3,4,18,Non-Travel
No,35,11996,Female,3,2,2,18,Travel_Rarely
No,38,5605,Female,2,3,1,24,Travel_Rarely
No,26,6397,Female,3,1,2,20,Travel_Frequently
No,50,19144,Male,1,2,2,14,Travel_Rarely
No,53,17584,Male,4,2,3,16,Travel_Rarely
No,42,4907,Male,1,3,3,25,Travel_Rarely
No,29,4554,Male,2,2,4,18,Travel_Frequently
No,55,5415,Male,2,3,4,19,Travel_Rarely
No,26,4741,Male,2,3,1,13,Travel_Frequently
No,37,2115,Female,3,3,4,12,Travel_Rarely
Yes,44,3161,Male,3,1,3,22,Travel_Frequently
No,38,5745,Male,4,3,4,14,Travel_Rarely
Yes,26,2373,Male,4,3,2,13,Travel_Rarely
No,28,3310,Female,2,3,4,21,Travel_Rarely
No,49,18665,Female,4,3,1,11,Travel_Frequently
No,36,4485,Male,3,3,2,12,Travel_Rarely
No,31,2789,Female,3,2,2,11,Travel_Frequently
Yes,26,5828,Male,4,3,4,12,Travel_Rarely
No,37,2326,Male,3,2,4,12,Travel_Frequently
No,42,13525,Female,3,4,2,14,Travel_Frequently
Yes,18,1420,Male,3,3,3,13,Travel_Rarely
No,35,8020,Male,3,2,2,15,Travel_Rarely
No,36,3688,Male,4,3,4,18,Travel_Frequently
No,51,5482,Male,3,3,2,18,Travel_Rarely
No,41,16015,Male,4,3,2,19,Travel_Rarely
No,18,1200,Female,3,3,3,12,Travel_Rarely
No,28,5661,Male,2,3,1,19,Travel_Rarely
No,31,6929,Male,3,2,4,11,Travel_Rarely
No,39,9613,Male,3,2,4,17,Travel_Rarely
No,36,5674,Female,4,3,2,15,Non-Travel
No,32,5484,Male,3,2,3,14,Travel_Rarely
No,38,12061,Female,2,3,2,17,Travel_Rarely
No,58,5660,Male,4,3,3,13,Non-Travel
No,31,4821,Male,4,3,4,12,Travel_Rarely
No,31,6410,Male,3,3,1,12,Travel_Rarely
No,45,5210,Male,3,3,1,18,Travel_Frequently
No,31,2695,Male,4,1,4,18,Travel_Rarely
No,33,11878,Female,4,3,2,11,Travel_Frequently
No,39,17068,Male,1,3,1,14,Travel_Rarely
No,43,2455,Female,4,3,4,19,Travel_Frequently
No,49,13964,Female,2,3,3,12,Travel_Rarely
Yes,52,4941,Male,4,2,2,15,Travel_Rarely
No,27,2478,Female,3,2,2,12,Travel_Rarely
No,32,5228,Female,2,3,2,11,Travel_Rarely
No,27,4478,Male,3,3,3,11,Travel_Rarely
No,31,7547,Male,3,3,4,12,Travel_Rarely
No,32,5055,Female,4,2,4,16,Travel_Rarely
Yes,28,3464,Male,4,2,4,13,Travel_Rarely
No,30,5775,Female,2,3,4,13,Travel_Rarely
No,31,8943,Female,2,3,3,24,Travel_Frequently
No,39,19272,Male,2,3,4,15,Travel_Frequently
Yes,39,5238,Female,2,2,3,18,Travel_Rarely
No,33,4682,Male,3,2,4,14,Travel_Frequently
No,47,18300,Male,5,3,3,11,Travel_Rarely
No,43,5257,Female,4,4,3,11,Travel_Frequently
No,27,6349,Male,1,3,2,13,Non-Travel
No,54,4869,Female,4,2,3,12,Travel_Frequently
No,43,9985,Female,3,2,1,16,Travel_Rarely
No,45,3697,Male,4,3,4,14,Travel_Rarely
No,40,7457,Male,2,2,4,22,Travel_Rarely
Yes,29,2119,Male,4,2,1,11,Travel_Rarely
No,29,3983,Male,5,3,4,17,Travel_Rarely
No,30,6118,Female,3,3,3,13,Travel_Rarely
No,27,6214,Female,4,3,2,18,Travel_Rarely
No,37,6347,Male,2,2,4,16,Travel_Rarely
No,38,11510,Male,2,3,4,14,Travel_Rarely
No,31,7143,Female,4,2,4,14,Travel_Rarely
No,29,8268,Female,1,3,2,14,Travel_Rarely
No,35,8095,Male,4,3,2,13,Travel_Rarely
No,23,2904,Male,1,2,4,12,Travel_Rarely
No,41,6032,Male,3,3,2,15,Travel_Rarely
No,47,2976,Male,1,3,3,19,Travel_Frequently
No,42,15992,Female,5,3,4,14,Travel_Rarely
No,29,4649,Male,3,2,3,14,Non-Travel
No,42,2696,Male,1,3,3,11,Travel_Rarely
No,32,2370,Female,3,3,2,13,Travel_Rarely
No,48,12504,Female,1,1,3,21,Travel_Rarely
No,37,5974,Male,3,3,1,13,Travel_Rarely
No,30,4736,Female,2,4,3,12,Non-Travel
No,26,5296,Male,3,3,3,17,Travel_Rarely
No,42,6781,Male,4,3,4,23,Travel_Rarely
Yes,21,2174,Female,1,3,2,11,Travel_Frequently
No,36,6653,Female,5,3,4,15,Non-Travel
No,36,9699,Male,4,3,4,11,Travel_Frequently
No,57,6755,Male,4,3,3,11,Travel_Rarely
No,40,2213,Female,4,3,3,13,Travel_Rarely
No,21,2610,Male,2,2,4,24,Non-Travel
Yes,33,2851,Female,3,3,3,13,Travel_Rarely
No,37,3452,Female,3,3,1,20,Travel_Rarely
No,46,5258,Female,4,4,3,14,Non-Travel
Yes,41,9355,Male,3,3,2,18,Travel_Frequently
No,50,10496,Male,3,3,4,15,Travel_Rarely
Yes,40,6380,Male,2,3,3,12,Travel_Rarely
No,31,2657,Male,4,3,2,16,Travel_Rarely
Yes,21,2716,Female,3,3,2,15,Travel_Rarely
No,29,2201,Male,3,3,4,16,Travel_Rarely
No,35,6540,Male,4,3,2,19,Travel_Rarely
No,27,3816,Male,2,3,2,11,Travel_Rarely
No,28,5253,Male,4,3,4,16,Travel_Rarely
No,49,10965,Male,3,3,3,24,Travel_Rarely
No,51,4936,Female,2,2,4,11,Travel_Rarely
No,36,2543,Female,3,3,3,13,Travel_Rarely
Yes,34,5304,Male,3,2,4,13,Non-Travel
No,55,16659,Female,3,3,4,13,Travel_Rarely
No,24,4260,Female,4,4,3,12,Travel_Rarely
No,30,2476,Male,1,3,2,18,Travel_Rarely
Yes,26,3102,Male,1,3,1,22,Travel_Frequently
No,22,2244,Female,3,3,2,13,Travel_Rarely
No,36,7596,Male,2,3,3,13,Travel_Rarely
Yes,30,2285,Male,3,3,4,23,Travel_Frequently
No,37,3034,Female,3,2,1,12,Travel_Rarely
No,40,5715,Female,2,3,2,12,Travel_Rarely
No,42,2576,Female,4,3,1,16,Travel_Rarely
No,37,4197,Male,4,2,2,12,Travel_Rarely
No,43,14336,Male,3,3,2,11,Travel_Rarely
No,40,3448,Female,3,3,3,22,Travel_Rarely
No,54,19406,Male,2,2,1,11,Travel_Rarely
No,34,6538,Female,4,3,3,15,Non-Travel
No,31,4306,Female,2,1,1,12,Travel_Rarely
No,43,2258,Male,3,3,4,20,Travel_Frequently
No,43,4522,Female,4,3,3,14,Travel_Rarely
No,25,4487,Female,2,3,4,11,Travel_Rarely
No,37,4449,Female,5,3,3,15,Non-Travel
No,31,2218,Male,2,3,1,12,Travel_Rarely
No,39,19197,Male,1,3,3,14,Travel_Frequently
No,56,13212,Female,3,2,1,11,Travel_Frequently
No,30,6577,Female,3,3,3,11,Travel_Rarely
No,41,8392,Male,3,3,1,16,Travel_Rarely
No,28,4558,Male,2,3,1,12,Travel_Rarely
Yes,25,4031,Male,3,3,1,13,Travel_Rarely
No,52,7969,Male,3,3,3,14,Travel_Rarely
No,45,2654,Male,2,2,4,21,Travel_Rarely
No,52,16555,Female,2,1,4,13,Travel_Rarely
No,42,4556,Female,2,3,3,11,Travel_Frequently
No,30,6091,Female,3,3,4,20,Travel_Rarely
No,60,19566,Female,3,1,1,11,Travel_Rarely
No,46,4810,Female,3,2,3,14,Travel_Rarely
No,42,4523,Female,4,4,4,11,Travel_Frequently
Yes,24,3202,Female,1,3,2,16,Travel_Rarely
Yes,34,2351,Female,2,2,3,16,Travel_Frequently
No,38,1702,Male,2,3,4,23,Travel_Frequently
No,40,18041,Female,4,3,3,14,Travel_Rarely
No,26,2886,Female,3,1,4,22,Travel_Rarely
No,30,2097,Male,3,1,4,15,Non-Travel
No,29,11935,Male,4,3,3,18,Travel_Rarely
Yes,29,2546,Female,5,4,2,16,Travel_Rarely
Yes,19,2564,Male,2,4,4,12,Travel_Rarely
No,30,8412,Female,4,3,1,11,Non-Travel
No,57,14118,Male,3,2,4,12,Travel_Rarely
No,50,17046,Male,4,3,3,15,Travel_Rarely
No,30,2564,Female,3,2,4,14,Non-Travel
No,60,10266,Female,3,4,1,19,Travel_Frequently
No,47,5070,Female,2,3,4,13,Travel_Rarely
No,46,17861,Male,3,1,3,13,Travel_Rarely
No,35,4230,Male,3,3,3,15,Travel_Rarely
No,54,3780,Female,4,3,3,11,Travel_Rarely
No,34,2768,Male,4,3,3,12,Travel_Rarely
No,46,9071,Female,3,3,4,19,Travel_Rarely
No,31,10648,Male,1,4,2,25,Travel_Rarely
Yes,33,13610,Male,1,4,3,12,Travel_Rarely
Yes,33,3408,Male,1,3,4,13,Travel_Rarely
No,30,2983,Male,1,3,2,14,Travel_Rarely
No,35,7632,Male,3,3,3,12,Travel_Rarely
Yes,31,9824,Male,3,3,3,12,Travel_Frequently
Yes,34,9950,Female,3,3,1,15,Travel_Frequently
No,42,2093,Male,2,3,3,17,Travel_Frequently
No,36,9980,Male,4,2,4,14,Non-Travel
Yes,22,3894,Male,1,3,3,16,Travel_Frequently
No,48,4051,Female,5,3,4,14,Travel_Rarely
No,55,16835,Female,5,3,2,23,Travel_Rarely
No,41,6230,Male,2,3,4,14,Non-Travel
No,35,4717,Male,3,3,3,11,Travel_Rarely
No,40,13237,Female,3,3,3,15,Travel_Rarely
No,39,3755,Female,1,3,3,11,Travel_Frequently
No,31,6582,Male,1,4,4,13,Travel_Rarely
No,42,7406,Male,3,2,1,21,Travel_Rarely
No,45,4805,Male,3,4,2,19,Travel_Rarely
Yes,26,2741,Female,4,2,3,11,Travel_Frequently
No,29,4262,Male,3,4,4,12,Travel_Rarely
No,33,16184,Female,5,3,3,19,Travel_Rarely
No,31,11557,Male,3,2,4,21,Travel_Rarely
Yes,18,1878,Male,3,3,2,14,Travel_Frequently
No,40,10932,Male,3,3,1,15,Non-Travel
No,41,6811,Female,4,3,3,17,Non-Travel
No,26,4306,Male,2,3,3,12,Travel_Rarely
No,35,4859,Female,3,3,3,16,Travel_Rarely
No,34,5337,Male,4,3,4,12,Travel_Rarely
Yes,26,2340,Male,3,1,4,18,Travel_Rarely
No,37,7491,Female,3,4,4,17,Travel_Rarely
No,46,10527,Female,1,2,3,11,Travel_Frequently
No,41,16595,Female,5,3,1,16,Travel_Rarely
No,37,8834,Male,4,3,2,13,Non-Travel
No,52,5577,Male,2,3,1,12,Travel_Rarely
Yes,32,4707,Male,4,3,3,12,Non-Travel
No,24,2400,Male,3,3,4,13,Travel_Frequently
No,38,9824,Female,3,3,3,19,Travel_Rarely
No,37,6447,Female,4,2,2,12,Travel_Rarely
No,49,19502,Male,4,3,3,17,Travel_Rarely
No,24,2725,Male,3,3,4,11,Travel_Rarely
No,26,6272,Male,2,4,2,20,Travel_Rarely
No,24,2127,Male,2,3,2,21,Travel_Rarely
No,50,18200,Male,3,3,2,11,Travel_Frequently
No,25,2096,Male,1,3,3,11,Travel_Rarely
Yes,24,2886,Female,3,3,3,16,Travel_Frequently
Yes,30,2033,Male,4,4,1,18,Travel_Frequently
No,34,3622,Male,2,3,4,13,Travel_Rarely
Yes,31,4233,Male,4,1,1,17,Travel_Rarely
No,35,3681,Male,2,3,4,14,Travel_Rarely
No,31,5460,Male,4,4,4,22,Travel_Rarely
No,27,2187,Female,4,2,3,12,Travel_Rarely
No,37,9602,Male,3,2,3,11,Travel_Rarely
No,20,2836,Female,3,4,2,13,Travel_Rarely
No,42,4089,Female,4,3,4,13,Travel_Rarely
No,43,16627,Male,4,2,4,14,Travel_Rarely
No,38,2619,Female,1,2,1,17,Travel_Rarely
No,43,5679,Male,5,3,3,13,Travel_Frequently
No,48,15402,Female,4,1,1,11,Travel_Rarely
No,44,5985,Female,4,4,3,11,Travel_Rarely
No,34,2579,Female,3,3,3,18,Travel_Rarely
Yes,27,3041,Male,1,3,1,11,Travel_Rarely
No,21,3447,Male,1,3,3,11,Travel_Rarely
No,44,19513,Male,4,4,4,12,Travel_Rarely
No,22,2773,Male,1,3,3,20,Travel_Rarely
No,33,7104,Male,4,3,3,12,Travel_Rarely
No,32,6322,Female,4,2,4,12,Travel_Rarely
No,30,2083,Female,3,3,3,20,Travel_Frequently
No,53,8381,Female,1,4,1,20,Travel_Rarely
No,34,2691,Male,5,2,4,12,Travel_Rarely
Yes,45,4286,Female,4,3,1,14,Travel_Frequently
No,26,2659,Female,3,3,4,13,Travel_Rarely
No,37,9434,Male,3,3,3,15,Travel_Rarely
No,29,5561,Female,2,2,3,14,Travel_Rarely
No,35,6646,Male,4,3,4,13,Travel_Rarely
No,33,7725,Male,3,1,4,23,Travel_Frequently
No,54,10725,Male,4,4,2,15,Travel_Rarely
No,36,8847,Male,2,3,2,11,Travel_Rarely
No,27,2045,Male,4,3,4,13,Travel_Rarely
Yes,20,1009,Male,1,3,3,11,Travel_Rarely
Yes,33,3348,Male,3,3,1,11,Travel_Frequently
No,35,1281,Male,3,3,3,18,Non-Travel
No,23,2819,Male,3,4,1,16,Travel_Rarely
No,25,4851,Male,3,3,2,22,Travel_Rarely
No,38,4028,Female,4,3,4,20,Travel_Rarely
No,29,2720,Male,4,3,4,18,Travel_Frequently
No,48,8120,Male,1,3,2,12,Travel_Rarely
No,27,4647,Female,1,3,4,20,Travel_Frequently
No,37,4680,Male,2,3,4,17,Travel_Rarely
No,50,3221,Male,1,3,3,11,Travel_Rarely
No,34,8621,Female,3,4,2,14,Travel_Rarely
Yes,24,4577,Female,2,3,3,14,Travel_Rarely
No,39,4553,Female,4,3,3,11,Travel_Rarely
No,32,5396,Male,3,2,4,12,Travel_Rarely
Yes,50,6796,Male,2,3,3,14,Travel_Frequently
No,38,7625,Female,4,2,4,13,Travel_Rarely
No,27,7412,Female,2,3,1,11,Travel_Rarely
No,32,11159,Female,2,3,4,15,Travel_Rarely
No,47,4960,Male,4,3,1,12,Travel_Rarely
No,40,10475,Male,4,3,1,21,Travel_Frequently
No,53,14814,Male,3,3,3,19,Travel_Rarely
No,41,19141,Male,4,2,4,15,Travel_Rarely
No,60,5405,Male,4,3,1,14,Travel_Rarely
No,27,8793,Male,2,2,1,21,Travel_Frequently
No,41,19189,Male,3,3,3,12,Travel_Rarely
No,50,3875,Male,4,3,2,15,Travel_Rarely
Yes,28,2216,Female,2,3,2,13,Travel_Rarely
No,36,11713,Female,3,3,1,14,Non-Travel
No,38,7861,Female,3,4,3,14,Travel_Rarely
No,44,3708,Male,3,3,3,14,Non-Travel
No,47,13770,Female,3,2,3,12,Travel_Frequently
No,30,5304,Male,5,2,4,23,Travel_Rarely
No,29,2642,Male,3,3,3,11,Travel_Rarely
Yes,42,2759,Male,3,3,3,12,Travel_Frequently
No,43,6804,Male,3,3,4,18,Travel_Frequently
No,34,6142,Female,2,3,3,11,Travel_Rarely
No,23,2500,Male,1,4,1,14,Travel_Rarely
No,39,6389,Female,3,1,2,15,Travel_Rarely
No,56,11103,Male,3,2,4,11,Travel_Rarely
No,40,2342,Female,1,2,4,20,Travel_Rarely
No,27,6811,Female,3,1,1,19,Travel_Rarely
No,29,2297,Male,3,3,2,14,Travel_Rarely
No,53,2450,Male,3,3,4,17,Travel_Rarely
No,35,5093,Female,4,4,1,11,Non-Travel
No,32,5309,Male,4,3,4,15,Travel_Frequently
No,38,3057,Male,5,1,3,13,Travel_Rarely
No,34,5121,Female,5,3,1,14,Travel_Rarely
No,52,16856,Male,4,4,1,11,Travel_Rarely
Yes,33,2686,Male,4,2,4,13,Travel_Rarely
No,25,6180,Female,1,2,4,23,Travel_Rarely
No,45,6632,Male,2,3,3,13,Travel_Rarely
No,23,3505,Male,1,3,3,18,Travel_Rarely
Yes,47,6397,Female,2,3,3,12,Travel_Frequently
No,34,6274,Male,3,3,4,22,Travel_Rarely
Yes,55,19859,Male,3,3,1,13,Travel_Rarely
No,36,7587,Male,4,3,1,15,Non-Travel
No,52,4258,Male,4,3,4,18,Non-Travel
No,26,4364,Female,2,3,4,14,Travel_Frequently
No,29,4335,Female,3,2,3,12,Travel_Rarely
Yes,26,5326,Male,3,2,1,17,Travel_Rarely
No,34,3280,Female,4,3,4,16,Travel_Rarely
No,54,5485,Female,4,3,1,11,Travel_Rarely
No,27,4342,Male,1,3,4,19,Travel_Frequently
No,37,2782,Female,1,2,1,13,Travel_Rarely
No,38,5980,Female,4,3,1,12,Travel_Frequently
No,34,4381,Female,4,3,1,11,Travel_Rarely
No,35,2572,Female,4,2,4,16,Travel_Rarely
No,30,3833,Male,3,3,3,21,Travel_Rarely
No,40,4244,Female,2,3,2,24,Travel_Frequently
No,34,6500,Female,2,3,1,17,Travel_Rarely
No,42,18430,Male,3,2,4,13,Travel_Frequently
Yes,23,1601,Male,3,3,1,21,Travel_Rarely
No,24,2694,Male,3,3,2,11,Non-Travel
No,52,3149,Female,4,3,3,20,Travel_Rarely
No,50,17639,Male,3,3,3,16,Travel_Rarely
Yes,29,2319,Female,2,3,1,11,Travel_Rarely
No,33,11691,Male,3,4,3,11,Travel_Rarely
Yes,33,5324,Female,3,3,1,15,Travel_Rarely
No,47,16752,Female,2,2,4,11,Travel_Rarely
No,36,5228,Female,3,3,2,15,Travel_Rarely
No,29,2700,Male,2,3,3,24,Travel_Rarely
Yes,58,19246,Male,4,3,2,12,Travel_Rarely
No,35,2506,Female,4,3,3,13,Travel_Rarely
No,42,6062,Female,2,3,4,13,Travel_Rarely
Yes,28,4382,Male,4,2,3,17,Travel_Rarely
No,36,2143,Male,3,3,2,13,Travel_Rarely
No,32,6162,Female,3,3,3,12,Travel_Rarely
No,40,5094,Male,4,3,3,14,Travel_Frequently
No,30,6877,Female,3,2,4,24,Travel_Rarely
No,45,2274,Female,3,3,3,14,Travel_Rarely
No,42,4434,Male,3,2,2,13,Travel_Rarely
No,38,6288,Male,3,2,1,15,Travel_Frequently
No,34,2553,Female,4,3,4,16,Travel_Frequently
Yes,49,7654,Female,3,4,4,18,Travel_Rarely
Yes,55,5160,Male,1,2,4,16,Travel_Rarely
No,43,17159,Male,2,3,1,24,Travel_Rarely
No,27,12808,Male,1,3,4,16,Travel_Rarely
No,35,10221,Male,3,4,3,21,Travel_Rarely
No,28,4779,Female,4,3,2,20,Travel_Rarely
No,34,3737,Male,2,1,4,19,Travel_Rarely
Yes,26,2366,Female,2,3,3,14,Travel_Frequently
No,27,1706,Male,3,2,4,11,Non-Travel
No,51,16307,Female,4,2,3,14,Travel_Rarely
No,44,5933,Male,3,2,2,12,Travel_Rarely
No,25,3424,Male,1,2,1,13,Travel_Rarely
No,33,4037,Male,3,3,1,22,Travel_Rarely
No,35,2559,Female,1,2,1,11,Travel_Rarely
No,36,6201,Male,2,2,4,14,Travel_Rarely
No,32,4403,Male,4,2,4,11,Travel_Rarely
No,30,3761,Male,4,2,4,12,Travel_Frequently
No,53,10934,Female,2,3,4,18,Travel_Rarely
No,45,10761,Male,3,3,1,12,Travel_Rarely
No,32,5175,Female,2,2,3,12,Travel_Rarely
No,52,13826,Female,4,3,4,22,Travel_Frequently
No,37,6334,Male,4,3,3,19,Travel_Rarely
No,28,4936,Male,2,3,4,13,Travel_Rarely
No,22,4775,Male,2,1,4,22,Travel_Rarely
No,44,2818,Male,4,2,4,24,Travel_Rarely
No,42,2515,Male,1,3,4,14,Travel_Frequently
No,36,2342,Male,3,3,1,21,Travel_Rarely
No,25,4194,Male,1,3,1,18,Travel_Rarely
No,35,10685,Female,3,3,3,20,Travel_Rarely
Yes,35,2022,Female,4,2,2,19,Travel_Frequently
No,32,2314,Male,3,3,4,12,Non-Travel
No,25,4256,Male,1,4,1,12,Travel_Rarely
No,49,3580,Female,3,3,1,16,Travel_Rarely
No,24,3162,Male,1,2,4,17,Non-Travel
No,32,6524,Male,2,3,2,14,Travel_Frequently
No,38,2899,Male,3,3,2,19,Travel_Rarely
No,42,5231,Female,3,2,4,13,Travel_Rarely
No,31,2356,Male,4,3,4,19,Travel_Rarely
Yes,29,2800,Female,3,3,3,19,Travel_Rarely
No,53,11836,Male,3,3,4,14,Travel_Rarely
No,35,10903,Male,3,3,2,16,Travel_Rarely
No,37,2973,Female,2,3,4,15,Travel_Frequently
No,53,14275,Female,4,3,4,18,Travel_Rarely
No,43,5562,Female,3,2,4,13,Travel_Frequently
No,47,4537,Female,2,3,4,22,Travel_Rarely
No,37,7642,Male,2,3,2,13,Non-Travel
No,50,17924,Male,4,3,1,11,Non-Travel
No,39,5204,Female,3,3,4,11,Travel_Rarely
No,33,2277,Male,2,4,2,11,Travel_Rarely
Yes,32,2795,Male,4,1,4,24,Travel_Rarely
No,29,2532,Female,1,3,4,14,Travel_Rarely
No,44,2559,Male,2,3,1,13,Travel_Rarely
No,28,4908,Male,4,3,4,14,Travel_Rarely
Yes,58,2380,Male,1,2,4,14,Travel_Frequently
No,43,4765,Female,3,4,2,21,Travel_Rarely
Yes,20,2044,Female,3,2,3,13,Travel_Rarely
Yes,21,2693,Female,1,2,4,19,Travel_Rarely
No,36,6586,Male,1,2,4,17,Travel_Rarely
No,47,3294,Female,4,2,4,18,Travel_Rarely
Yes,22,4171,Female,1,4,3,19,Travel_Rarely
Yes,41,2778,Female,4,2,4,13,Travel_Rarely
No,28,2377,Female,3,3,3,18,Travel_Rarely
Yes,39,2404,Male,3,1,1,21,Travel_Rarely
No,27,2318,Female,3,3,3,19,Travel_Rarely
No,34,2008,Male,3,3,2,14,Travel_Rarely
No,42,6244,Female,2,3,3,17,Travel_Rarely
No,33,2799,Male,4,3,1,11,Travel_Rarely
No,58,10552,Female,3,3,2,13,Travel_Rarely
No,31,2329,Male,4,4,3,15,Travel_Rarely
No,35,4014,Female,1,1,4,25,Travel_Rarely
No,49,7403,Female,2,2,2,11,Travel_Rarely
No,48,2259,Male,4,2,3,17,Travel_Rarely
No,31,6932,Female,2,2,3,13,Non-Travel
No,36,4678,Male,4,3,4,18,Travel_Rarely
No,38,13582,Female,3,3,1,13,Travel_Rarely
No,32,2332,Female,3,3,2,20,Non-Travel
Yes,25,2413,Male,2,3,2,18,Travel_Rarely
No,40,9705,Male,4,2,2,12,Travel_Rarely
No,26,4294,Male,3,3,1,12,Travel_Frequently
No,41,4721,Male,3,3,1,13,Travel_Rarely
No,36,2519,Male,4,3,3,21,Travel_Rarely
Yes,19,2121,Male,3,4,2,13,Travel_Rarely
Yes,20,2973,Male,3,3,1,19,Travel_Rarely
No,31,5855,Female,3,1,4,11,Travel_Rarely
No,40,3617,Male,4,3,2,14,Travel_Frequently
No,32,6725,Female,4,4,1,12,Travel_Rarely
Yes,36,10325,Male,1,3,4,11,Travel_Rarely
No,33,6949,Female,3,3,4,14,Travel_Rarely
Yes,37,10609,Male,4,1,3,11,Travel_Rarely
No,45,4447,Male,2,2,2,12,Non-Travel
No,29,2157,Female,3,3,4,15,Travel_Frequently
No,35,4601,Female,3,3,3,16,Travel_Rarely
No,52,17099,Male,2,2,4,15,Travel_Rarely
Yes,58,2479,Male,3,3,3,24,Travel_Rarely
No,53,14852,Male,2,4,3,13,Travel_Rarely
No,30,7264,Male,2,4,3,11,Travel_Rarely
No,38,5666,Female,3,3,4,13,Non-Travel
No,35,7823,Male,4,3,4,13,Travel_Rarely
No,39,7880,Male,5,3,3,18,Travel_Rarely
Yes,40,13194,Female,3,2,2,16,Non-Travel
No,47,5067,Male,4,4,3,19,Travel_Frequently
No,36,5079,Male,4,3,4,13,Non-Travel
Yes,31,2321,Male,2,3,1,22,Non-Travel
No,33,17444,Male,3,3,3,11,Non-Travel
Yes,29,2404,Female,3,3,1,20,Travel_Rarely
No,33,3452,Female,1,3,4,18,Travel_Rarely
No,45,2270,Female,4,3,4,14,Travel_Rarely
No,50,17399,Male,2,2,4,22,Travel_Rarely
No,33,5488,Female,4,3,2,13,Travel_Frequently
No,41,19419,Male,3,4,3,17,Travel_Frequently
No,27,2811,Female,4,3,2,14,Travel_Rarely
No,45,3633,Male,2,3,1,15,Non-Travel
No,47,4163,Female,2,3,4,17,Travel_Rarely
Yes,30,2132,Female,3,3,3,11,Travel_Rarely
No,50,13973,Male,3,3,3,18,Travel_Rarely
No,38,2684,Male,1,2,3,17,Travel_Frequently
No,46,10845,Male,2,3,3,13,Travel_Rarely
No,24,4377,Female,1,3,3,15,Travel_Rarely
Yes,35,3743,Male,4,1,2,24,Travel_Rarely
No,31,4148,Female,1,3,1,12,Travel_Frequently
No,18,1051,Male,2,3,4,15,Non-Travel
No,54,10739,Female,3,3,3,11,Travel_Rarely
No,35,10388,Female,4,2,3,11,Travel_Rarely
No,30,11416,Female,2,2,1,12,Travel_Rarely
Yes,20,2600,Female,3,3,1,15,Travel_Rarely
Yes,30,2422,Female,3,3,2,17,Travel_Frequently
No,26,5472,Male,2,3,4,12,Travel_Rarely
No,22,2451,Male,1,2,1,15,Travel_Rarely
No,48,4240,Male,3,3,3,13,Travel_Rarely
No,48,10999,Male,4,3,3,14,Travel_Rarely
No,41,5003,Female,2,3,3,14,Travel_Rarely
No,39,12742,Female,1,3,4,16,Travel_Rarely
No,27,4227,Female,4,3,4,18,Travel_Rarely
No,35,3917,Male,3,2,4,20,Travel_Rarely
No,42,18303,Male,2,4,3,13,Travel_Rarely
No,50,2380,Male,3,3,4,18,Travel_Rarely
No,59,13726,Female,3,3,4,13,Travel_Rarely
Yes,37,4777,Female,2,1,2,15,Travel_Rarely
No,55,6385,Male,4,3,2,14,Travel_Frequently
No,41,19973,Female,1,3,3,22,Non-Travel
No,38,6861,Male,4,3,4,12,Travel_Rarely
Yes,26,4969,Male,2,3,1,18,Non-Travel
Yes,52,19845,Female,1,3,4,15,Travel_Rarely
No,44,13320,Female,3,3,4,18,Travel_Rarely
No,50,6347,Female,3,3,3,12,Non-Travel
Yes,36,2743,Female,4,3,1,16,Travel_Rarely
No,39,10880,Female,3,3,1,13,Travel_Frequently
No,33,2342,Female,1,2,4,19,Non-Travel
No,45,17650,Female,2,4,4,13,Travel_Rarely
No,32,4025,Female,4,3,3,12,Non-Travel
No,34,9725,Male,4,2,4,11,Travel_Rarely
No,59,11904,Male,2,1,4,14,Travel_Rarely
No,45,2177,Male,4,3,2,16,Travel_Rarely
No,53,7525,Female,3,3,2,12,Travel_Frequently
Yes,36,4834,Male,3,2,3,14,Travel_Rarely
Yes,26,2042,Male,3,3,1,14,Travel_Frequently
No,34,2220,Female,4,3,3,19,Travel_Rarely
No,28,1052,Male,1,3,2,22,Travel_Rarely
No,38,2821,Male,4,3,3,16,Travel_Frequently
No,50,19237,Male,4,2,3,11,Travel_Rarely
No,37,4107,Female,3,2,2,15,Travel_Rarely
No,40,8396,Male,3,2,1,14,Travel_Rarely
No,26,2007,Female,1,3,3,13,Travel_Frequently
No,46,19627,Male,4,3,4,17,Travel_Rarely
No,54,10686,Female,4,3,3,11,Travel_Rarely
No,56,2942,Female,3,3,3,19,Travel_Frequently
No,36,8858,Female,5,2,4,11,Travel_Rarely
No,55,16756,Male,1,4,1,15,Non-Travel
No,43,10798,Male,3,3,4,13,Travel_Rarely
Yes,20,2323,Female,3,3,4,14,Travel_Frequently
Yes,21,1416,Female,3,2,1,13,Travel_Rarely
No,46,4615,Female,4,3,1,23,Travel_Rarely
Yes,51,2461,Male,4,4,3,12,Travel_Rarely
Yes,28,8722,Male,2,2,1,12,Non-Travel
No,26,3955,Male,2,3,1,16,Travel_Rarely
No,30,9957,Male,3,2,1,15,Travel_Rarely
No,41,3376,Female,2,3,3,13,Travel_Rarely
No,38,8823,Female,1,2,3,18,Travel_Rarely
No,40,10322,Male,4,3,4,20,Travel_Rarely
No,27,4621,Male,5,3,3,19,Non-Travel
No,55,10976,Male,1,3,2,18,Travel_Frequently
No,28,3660,Female,3,4,3,13,Travel_Rarely
Yes,44,10482,Male,2,3,1,14,Travel_Rarely
No,33,7119,Male,3,3,4,15,Travel_Rarely
Yes,35,9582,Male,3,3,1,22,Travel_Rarely
Yes,33,4508,Female,4,3,3,22,Travel_Frequently
No,28,2207,Male,2,2,3,16,Travel_Rarely
No,34,7756,Male,1,2,4,17,Travel_Frequently
No,37,6694,Female,4,3,4,14,Travel_Rarely
Yes,25,3691,Male,1,4,4,15,Travel_Rarely
Yes,26,2377,Male,3,2,3,20,Travel_Rarely
Yes,33,2313,Male,3,3,2,20,Travel_Rarely
No,42,17665,Male,2,3,1,17,Travel_Rarely
Yes,28,2596,Male,3,3,2,15,Travel_Frequently
Yes,50,4728,Male,4,3,3,14,Travel_Frequently
No,33,4302,Female,3,3,2,17,Travel_Frequently
No,34,2979,Male,4,3,4,17,Non-Travel
No,48,16885,Male,4,2,4,22,Non-Travel
No,45,5593,Female,4,3,3,13,Non-Travel
No,52,10445,Male,4,3,2,19,Travel_Rarely
No,38,8740,Male,4,3,3,14,Travel_Rarely
No,29,2514,Female,4,3,4,22,Travel_Rarely
No,28,7655,Female,3,2,2,17,Travel_Rarely
No,46,17465,Male,1,3,3,12,Travel_Rarely
No,38,7351,Male,2,3,2,16,Travel_Rarely
No,43,10820,Female,3,3,1,11,Travel_Frequently
Yes,39,12169,Male,3,3,4,11,Travel_Frequently
No,40,19626,Male,3,4,3,14,Travel_Rarely
No,21,2070,Female,1,4,2,11,Travel_Rarely
No,39,6782,Male,3,2,2,15,Non-Travel
No,36,7779,Male,4,3,4,20,Non-Travel
No,31,2791,Male,3,3,4,12,Travel_Frequently
No,28,3201,Male,1,1,2,17,Travel_Rarely
No,35,4968,Male,2,3,4,11,Travel_Frequently
No,49,13120,Male,4,3,2,17,Travel_Rarely
No,34,4033,Male,2,2,3,11,Travel_Frequently
No,29,3291,Female,3,2,2,14,Travel_Frequently
No,42,4272,Male,3,3,4,19,Travel_Rarely
No,29,5056,Male,1,2,4,15,Travel_Rarely
No,38,2844,Male,3,4,3,13,Travel_Rarely
No,28,2703,Male,3,3,3,14,Travel_Frequently
Yes,18,1904,Male,1,3,3,12,Non-Travel
Yes,33,8224,Female,4,3,1,17,Travel_Rarely
No,41,4766,Male,4,3,4,11,Travel_Rarely
Yes,31,2610,Male,3,2,3,12,Travel_Frequently
No,37,5731,Female,2,3,4,13,Travel_Rarely
No,27,2539,Male,3,3,3,13,Travel_Rarely
No,34,5714,Female,1,2,3,20,Travel_Rarely
No,35,4323,Male,4,1,3,17,Travel_Rarely
Yes,29,7336,Female,1,1,1,13,Travel_Rarely
No,40,13499,Female,4,2,3,17,Travel_Frequently
Yes,42,13758,Male,3,2,1,12,Travel_Frequently
No,42,5155,Male,4,4,1,13,Travel_Rarely
No,35,2258,Male,4,3,3,12,Travel_Rarely
No,24,3597,Male,3,3,2,22,Travel_Rarely
Yes,28,2515,Female,1,2,4,11,Travel_Rarely
No,26,4420,Male,4,3,4,22,Travel_Rarely
No,30,6578,Male,3,3,3,18,Travel_Rarely
No,40,4422,Female,2,1,4,13,Travel_Frequently
No,35,10274,Male,3,4,2,18,Travel_Rarely
No,34,5343,Male,3,3,1,20,Travel_Frequently
No,35,2376,Male,4,4,4,13,Travel_Frequently
Yes,43,5346,Female,3,2,3,13,Travel_Rarely
No,32,2827,Female,1,3,1,12,Non-Travel
No,56,19943,Female,4,3,1,13,Travel_Rarely
No,29,3131,Female,1,3,4,13,Travel_Rarely
No,19,2552,Male,2,3,1,25,Travel_Rarely
No,45,4477,Female,3,2,3,19,Travel_Rarely
No,37,6474,Female,3,2,4,13,Travel_Rarely
No,20,3033,Male,3,2,3,12,Travel_Rarely
Yes,44,2936,Male,4,3,3,11,Travel_Rarely
No,53,18606,Female,2,3,3,18,Travel_Rarely
No,29,2168,Female,1,2,4,18,Travel_Rarely
Yes,22,2853,Male,4,3,4,11,Travel_Frequently
No,46,17048,Female,3,3,1,23,Travel_Rarely
No,44,2290,Male,3,3,3,13,Non-Travel
No,33,3600,Male,3,3,3,13,Travel_Rarely
Yes,41,2107,Male,2,1,1,17,Non-Travel
No,30,4115,Male,4,3,1,19,Travel_Rarely
No,40,4327,Male,4,3,2,12,Travel_Frequently
No,50,17856,Female,3,3,1,22,Travel_Frequently
No,28,3196,Male,4,3,1,12,Travel_Rarely
No,46,19081,Male,2,3,2,11,Travel_Rarely
No,35,8966,Male,4,3,1,15,Travel_Rarely
Yes,24,2210,Female,2,1,2,13,Travel_Rarely
No,33,4539,Female,3,2,3,12,Travel_Frequently
No,36,2741,Male,4,3,3,14,Travel_Rarely
No,30,3491,Male,4,2,3,13,Travel_Rarely
No,44,4541,Male,4,3,4,25,Travel_Rarely
No,20,2678,Male,3,3,4,17,Travel_Rarely
No,46,7379,Male,4,2,4,11,Travel_Rarely
No,42,6272,Male,5,4,1,16,Non-Travel
No,60,5220,Male,4,3,4,18,Travel_Rarely
No,32,2743,Female,3,3,2,20,Travel_Frequently
No,32,4998,Female,2,3,3,14,Travel_Frequently
No,36,10252,Female,3,3,1,21,Travel_Rarely
No,33,2781,Male,3,3,4,13,Travel_Rarely
No,40,6852,Female,3,4,2,12,Travel_Rarely
No,25,4950,Male,4,3,4,14,Travel_Rarely
No,30,3579,Male,3,3,2,21,Travel_Rarely
No,42,13191,Female,5,3,1,17,Travel_Frequently
No,35,10377,Female,2,2,4,11,Non-Travel
No,27,2235,Male,3,2,1,14,Travel_Rarely
No,54,10502,Female,4,1,3,17,Travel_Frequently
No,44,2011,Female,1,3,4,13,Travel_Rarely
Yes,19,1859,Female,3,4,2,25,Non-Travel
No,29,3760,Female,3,3,4,15,Travel_Rarely
No,54,17779,Male,3,3,4,14,Travel_Rarely
No,31,6833,Male,2,2,1,12,Travel_Rarely
No,31,6812,Female,3,3,1,19,Travel_Rarely
No,59,5171,Female,3,3,4,17,Travel_Rarely
No,43,19740,Male,3,3,4,14,Travel_Rarely
No,49,18711,Male,2,4,3,13,Travel_Rarely
No,36,3692,Male,3,2,2,12,Travel_Frequently
No,48,2559,Male,2,2,2,11,Travel_Rarely
No,27,2517,Male,2,3,3,11,Travel_Rarely
No,29,6623,Male,3,3,4,11,Travel_Rarely
No,48,18265,Male,3,4,4,12,Travel_Rarely
No,29,16124,Female,3,2,4,14,Travel_Rarely
No,34,2585,Female,3,2,3,17,Travel_Rarely
No,44,18213,Male,3,3,2,11,Travel_Rarely
No,33,8380,Male,5,3,3,14,Travel_Rarely
No,19,2994,Female,3,3,4,12,Travel_Rarely
No,23,1223,Male,2,3,3,22,Travel_Rarely
Yes,25,1118,Male,1,3,4,14,Travel_Frequently
No,26,2875,Male,2,2,4,20,Travel_Rarely
Yes,45,18824,Female,3,3,2,16,Travel_Rarely
No,55,13577,Male,1,3,2,15,Non-Travel
Yes,21,2625,Female,2,1,3,20,Travel_Frequently
No,46,18789,Female,2,3,2,14,Travel_Rarely
No,34,4538,Female,3,3,1,12,Travel_Rarely
No,51,19847,Male,3,2,2,24,Travel_Frequently
No,59,10512,Male,4,2,4,12,Travel_Rarely
No,34,4444,Female,3,4,2,13,Travel_Frequently
No,28,2154,Male,4,2,3,11,Travel_Frequently
No,44,19190,Male,2,2,1,14,Travel_Rarely
No,34,4490,Male,3,4,2,11,Travel_Frequently
No,35,3506,Male,1,3,3,14,Travel_Rarely
No,42,2372,Female,4,3,2,16,Travel_Rarely
No,43,10231,Female,4,4,4,14,Travel_Rarely
No,36,5410,Female,4,3,2,11,Travel_Rarely
Yes,44,7978,Female,3,3,4,11,Travel_Rarely
No,28,3867,Male,3,3,4,12,Travel_Frequently
No,51,2838,Female,2,2,3,14,Travel_Frequently
No,30,4695,Female,2,3,3,18,Non-Travel
Yes,29,3339,Female,3,3,3,13,Travel_Rarely
No,28,2080,Male,3,2,1,11,Travel_Rarely
No,25,2096,Female,3,2,2,18,Travel_Rarely
No,32,6209,Male,3,4,4,15,Travel_Rarely
No,45,18061,Female,3,3,2,22,Travel_Frequently
No,39,17123,Female,4,3,2,13,Travel_Rarely
No,58,2372,Male,4,3,3,12,Travel_Rarely
Yes,32,4883,Male,2,3,3,18,Travel_Rarely
Yes,39,3904,Male,3,3,1,13,Travel_Rarely
No,30,4627,Female,3,3,4,12,Travel_Rarely
No,36,7094,Female,4,3,3,12,Travel_Rarely
No,46,3423,Female,2,4,1,12,Travel_Rarely
No,28,6674,Female,3,3,4,11,Non-Travel
No,50,16880,Female,3,3,1,11,Travel_Rarely
Yes,40,9094,Male,4,3,2,12,Travel_Rarely
Yes,52,8446,Male,3,2,2,19,Travel_Rarely
No,30,11916,Female,4,3,1,23,Travel_Rarely
No,39,4534,Male,2,3,3,11,Travel_Rarely
No,31,9852,Female,4,2,3,19,Non-Travel
No,41,6151,Male,2,3,2,13,Non-Travel
Yes,31,2302,Female,3,4,2,11,Travel_Frequently
Yes,44,2362,Male,3,4,1,12,Travel_Rarely
No,42,17861,Male,1,2,3,13,Non-Travel
No,55,19187,Female,2,3,3,14,Travel_Rarely
No,56,19717,Male,4,3,2,14,Travel_Rarely
No,40,3544,Male,2,3,3,16,Non-Travel
No,34,8500,Male,3,2,4,11,Travel_Rarely
No,40,4661,Male,3,3,4,13,Travel_Rarely
No,41,4103,Female,3,3,1,17,Travel_Frequently
No,35,4249,Male,4,3,3,11,Travel_Frequently
No,51,14026,Male,3,3,2,11,Travel_Rarely
No,38,6893,Female,2,3,1,15,Travel_Rarely
No,34,6125,Female,2,4,1,12,Travel_Rarely
No,25,3669,Male,1,2,4,11,Travel_Rarely
Yes,58,10008,Female,4,2,1,14,Travel_Rarely
No,40,2387,Male,4,3,2,22,Travel_Rarely
No,36,4639,Female,3,2,1,16,Travel_Frequently
No,48,7898,Male,3,3,4,11,Travel_Rarely
No,27,2534,Female,3,3,4,14,Travel_Rarely
No,51,13142,Female,2,2,2,16,Travel_Rarely
No,18,1611,Female,3,4,4,15,Non-Travel
No,35,5363,Female,3,3,4,12,Travel_Rarely
No,27,5071,Male,1,3,4,20,Travel_Frequently
Yes,55,13695,Male,4,2,3,17,Travel_Rarely
No,56,13402,Male,3,3,2,12,Travel_Rarely
No,34,2029,Female,1,3,3,20,Non-Travel
No,40,6377,Female,1,3,3,20,Travel_Rarely
No,34,5429,Male,3,3,3,13,Travel_Rarely
Yes,31,2785,Female,3,4,4,14,Travel_Frequently
Yes,35,4614,Female,4,2,3,18,Travel_Frequently
No,38,2610,Male,3,3,3,11,Travel_Frequently
No,34,6687,Female,4,4,4,11,Travel_Rarely
No,28,4724,Male,3,3,1,11,Travel_Rarely
Yes,31,6179,Male,4,2,3,15,Travel_Rarely
No,39,6120,Male,4,4,4,12,Travel_Rarely
No,51,10596,Male,3,3,2,11,Travel_Frequently
No,41,5467,Female,3,2,4,14,Travel_Frequently
No,37,2996,Male,1,3,3,15,Travel_Rarely
No,33,9998,Male,1,4,4,13,Travel_Frequently
No,32,4078,Male,1,2,2,13,Travel_Rarely
No,39,10920,Male,2,3,3,21,Non-Travel
No,25,6232,Male,1,2,3,11,Travel_Rarely
No,52,13247,Female,2,2,3,11,Travel_Frequently
No,43,4081,Female,3,1,3,14,Travel_Rarely
No,27,5769,Female,3,3,4,11,Travel_Rarely
Yes,27,2394,Female,4,3,3,13,Travel_Rarely
No,26,3904,Male,1,3,4,12,Travel_Rarely
No,42,16799,Female,3,3,1,14,Travel_Rarely
No,52,2950,Female,4,1,1,13,Travel_Rarely
No,37,3629,Female,3,3,3,18,Travel_Rarely
No,35,9362,Male,2,3,4,11,Travel_Frequently
No,25,3229,Male,3,2,4,11,Travel_Rarely
No,26,3578,Male,3,3,1,12,Travel_Rarely
No,29,7988,Male,3,2,1,13,Travel_Rarely
Yes,49,4284,Male,2,3,1,20,Travel_Frequently
Yes,29,7553,Female,1,3,4,12,Travel_Frequently
No,54,17328,Female,3,2,4,19,Travel_Rarely
No,58,19701,Female,3,3,1,21,Travel_Rarely
No,55,14732,Male,4,4,4,13,Travel_Rarely
No,36,9278,Female,4,3,2,16,Travel_Rarely
Yes,31,1359,Female,4,3,3,12,Travel_Frequently
No,30,4779,Female,4,3,1,14,Travel_Rarely
No,31,16422,Female,5,4,2,11,Travel_Rarely
No,34,2996,Male,4,3,1,14,Travel_Frequently
Yes,31,1261,Female,3,4,2,12,Travel_Rarely
No,27,2099,Male,1,4,1,14,Travel_Rarely
No,36,5810,Male,4,2,4,16,Travel_Rarely
No,36,5647,Female,4,2,1,13,Travel_Rarely
No,47,3420,Male,3,2,4,12,Travel_Rarely
Yes,25,4400,Male,2,3,1,12,Travel_Rarely
No,37,3500,Male,2,1,3,14,Non-Travel
No,56,2066,Female,2,4,1,22,Travel_Rarely
No,47,17169,Female,4,4,3,19,Travel_Rarely
No,24,4162,Female,1,3,3,12,Travel_Rarely
No,32,9204,Male,5,2,4,12,Travel_Rarely
No,34,3294,Female,3,2,2,17,Travel_Rarely
No,41,2127,Male,5,2,3,12,Travel_Rarely
No,40,3975,Male,4,4,3,11,Non-Travel
No,31,10793,Male,2,3,4,18,Travel_Rarely
Yes,46,10096,Male,3,4,4,11,Travel_Rarely
Yes,39,3646,Female,3,4,1,23,Non-Travel
Yes,31,7446,Female,5,3,2,11,Travel_Frequently
No,45,10851,Male,3,3,1,18,Travel_Rarely
No,31,2109,Female,2,3,2,18,Travel_Rarely
Yes,31,3722,Male,3,1,4,13,Travel_Frequently
No,45,9380,Male,3,4,4,18,Travel_Rarely
No,48,5486,Male,3,3,1,11,Travel_Rarely
Yes,34,2742,Female,4,3,3,15,Travel_Rarely
No,40,13757,Male,1,3,2,11,Non-Travel
No,28,8463,Male,3,3,1,18,Travel_Rarely
No,44,3162,Male,3,3,3,14,Non-Travel
No,53,16598,Male,3,2,2,12,Travel_Rarely
No,49,6651,Male,4,2,3,14,Travel_Rarely
No,40,2345,Male,3,4,3,14,Travel_Rarely
No,44,3420,Male,3,2,2,13,Travel_Rarely
No,33,4373,Male,3,3,1,14,Travel_Frequently
No,34,4759,Male,3,3,1,18,Travel_Rarely
No,30,5301,Male,1,2,3,15,Travel_Rarely
No,42,3673,Female,2,3,4,13,Travel_Frequently
No,44,4768,Female,5,2,3,12,Travel_Frequently
No,30,1274,Male,3,2,3,13,Non-Travel
No,57,4900,Male,2,2,3,24,Travel_Rarely
No,49,10466,Male,4,3,2,14,Travel_Rarely
No,34,17007,Male,3,2,1,14,Travel_Frequently
Yes,28,2909,Male,3,4,3,15,Travel_Frequently
Yes,29,5765,Female,3,1,2,11,Travel_Frequently
Yes,34,4599,Female,4,4,2,23,Travel_Rarely
No,35,2404,Male,1,3,3,13,Travel_Rarely
Yes,24,3172,Male,3,2,1,11,Travel_Frequently
No,24,2033,Female,2,3,2,13,Non-Travel
No,44,10209,Male,1,2,3,18,Travel_Frequently
No,29,8620,Male,3,3,3,14,Travel_Rarely
No,30,2064,Male,3,4,3,21,Travel_Rarely
No,55,4035,Male,4,3,3,16,Travel_Rarely
No,33,3838,Female,4,3,2,11,Travel_Rarely
No,47,4591,Female,3,2,3,17,Travel_Rarely
Yes,28,2561,Male,2,2,1,11,Travel_Frequently
No,28,1563,Male,3,1,3,14,Travel_Rarely
No,28,4898,Male,3,3,1,14,Travel_Frequently
No,49,4789,Female,2,3,1,25,Travel_Rarely
No,29,3180,Female,1,3,2,13,Travel_Frequently
No,28,6549,Male,1,2,2,14,Travel_Rarely
No,33,6388,Male,5,3,3,17,Travel_Rarely
No,32,11244,Male,3,4,4,25,Travel_Rarely
No,54,16032,Female,4,3,4,20,Travel_Frequently
Yes,29,2362,Male,4,1,1,13,Travel_Rarely
No,44,16328,Male,3,4,1,13,Travel_Rarely
No,39,8376,Female,3,3,2,18,Travel_Rarely
No,46,16606,Female,3,4,2,12,Travel_Rarely
No,35,8606,Female,3,1,2,19,Travel_Rarely
No,23,2272,Male,1,3,3,14,Travel_Rarely
Yes,40,2018,Male,4,1,1,14,Travel_Rarely
No,34,7083,Male,3,3,3,14,Travel_Rarely
Yes,31,4084,Female,3,1,3,12,Travel_Frequently
No,50,14411,Male,5,3,4,13,Travel_Frequently
No,34,2308,Male,2,3,3,25,Travel_Rarely
No,42,4841,Male,3,3,2,14,Travel_Rarely
No,37,4285,Male,3,3,4,17,Travel_Rarely
No,29,9715,Female,1,3,1,13,Travel_Rarely
No,33,4320,Male,3,3,2,13,Travel_Rarely
No,45,2132,Male,3,3,4,20,Travel_Rarely
No,42,10124,Male,3,1,4,14,Travel_Frequently
No,40,5473,Male,2,4,1,12,Travel_Rarely
No,33,5207,Male,4,3,3,12,Travel_Rarely
No,40,16437,Male,2,3,4,21,Travel_Rarely
No,24,2296,Male,2,3,1,14,Travel_Rarely
No,40,4069,Male,2,3,4,18,Non-Travel
No,45,7441,Male,4,3,2,12,Travel_Rarely
No,35,2430,Female,4,3,3,23,Travel_Rarely
No,32,5878,Female,2,3,2,12,Travel_Rarely
No,36,2644,Male,4,2,4,21,Travel_Rarely
No,48,6439,Female,4,3,3,14,Travel_Rarely
No,29,2451,Male,3,2,3,18,Travel_Rarely
No,33,6392,Male,4,1,1,13,Travel_Rarely
Yes,30,9714,Male,3,3,1,11,Travel_Rarely
No,38,6077,Male,4,3,3,11,Travel_Frequently
No,35,2450,Male,3,3,1,19,Travel_Rarely
No,30,9250,Male,4,3,2,12,Travel_Rarely
Yes,35,2074,Female,3,3,1,12,Travel_Rarely
Yes,53,10169,Female,5,3,4,16,Travel_Rarely
Yes,38,4855,Male,3,3,2,11,Travel_Rarely
No,32,4087,Male,4,2,1,14,Non-Travel
No,48,2367,Female,4,2,1,12,Travel_Rarely
No,34,2972,Male,4,1,4,13,Travel_Rarely
No,55,19586,Male,5,3,4,21,Travel_Rarely
No,34,5484,Male,4,2,4,17,Travel_Rarely
No,26,2061,Female,3,3,4,21,Travel_Rarely
No,38,9924,Male,3,3,2,11,Travel_Rarely
No,38,4198,Female,3,4,2,12,Travel_Rarely
No,36,6815,Female,4,3,3,13,Travel_Rarely
No,29,4723,Male,1,3,1,18,Travel_Rarely
No,35,6142,Female,4,3,3,16,Travel_Rarely
No,39,8237,Male,3,3,3,11,Travel_Rarely
No,29,8853,Male,1,4,4,19,Travel_Frequently
No,50,19331,Male,3,3,3,16,Travel_Rarely
No,23,2073,Male,3,3,3,16,Travel_Rarely
No,36,5562,Male,4,3,1,13,Travel_Frequently
No,42,19613,Male,2,3,4,22,Travel_Rarely
No,35,3407,Male,3,2,3,17,Travel_Rarely
No,34,5063,Male,4,2,3,14,Travel_Frequently
No,40,4639,Female,2,3,1,15,Travel_Rarely
No,43,4876,Male,3,3,2,12,Travel_Rarely
No,35,2690,Male,2,2,4,18,Travel_Rarely
No,46,17567,Male,4,1,1,15,Travel_Rarely
Yes,28,2408,Male,3,3,2,17,Travel_Rarely
No,22,2814,Female,2,2,3,14,Non-Travel
No,50,11245,Male,5,3,3,15,Travel_Frequently
No,32,3312,Female,4,3,4,17,Travel_Rarely
No,44,19049,Female,3,2,4,14,Travel_Rarely
No,30,2141,Male,3,2,2,12,Travel_Rarely
No,45,5769,Female,5,3,1,14,Travel_Rarely
No,45,4385,Male,3,3,1,15,Non-Travel
No,31,5332,Male,4,3,1,13,Travel_Frequently
No,36,4663,Female,4,3,3,12,Travel_Rarely
No,34,4724,Male,4,3,4,13,Travel_Frequently
No,49,3211,Female,4,2,1,14,Travel_Rarely
No,39,5377,Male,5,3,1,13,Travel_Rarely
No,27,4066,Male,3,3,1,11,Travel_Rarely
No,35,5208,Male,5,3,1,11,Travel_Rarely
No,28,4877,Female,3,2,1,21,Travel_Rarely
No,21,3117,Male,1,3,4,18,Travel_Rarely
Yes,18,1569,Female,2,4,4,12,Travel_Frequently
No,47,19658,Female,4,3,3,11,Travel_Rarely
No,39,3069,Male,2,3,3,15,Travel_Rarely
No,40,10435,Female,3,3,3,13,Travel_Rarely
No,35,4148,Female,4,3,3,12,Non-Travel
No,37,5768,Male,3,2,3,17,Travel_Rarely
No,39,5042,Female,3,1,3,13,Travel_Frequently
No,45,5770,Female,2,3,4,19,Travel_Rarely
No,38,7756,Female,2,4,3,19,Travel_Rarely
Yes,35,10306,Male,3,3,1,17,Travel_Rarely
No,37,3936,Female,3,1,2,11,Travel_Rarely
No,40,7945,Female,3,2,4,15,Travel_Rarely
No,44,5743,Male,5,3,4,11,Travel_Frequently
No,48,15202,Male,5,3,4,25,Travel_Frequently
Yes,35,5440,Male,2,2,4,14,Travel_Rarely
No,24,3760,Female,1,3,4,13,Travel_Frequently
No,27,3517,Female,3,3,3,17,Travel_Rarely
No,27,2580,Male,3,2,4,13,Travel_Frequently
Yes,40,2166,Male,3,1,1,14,Travel_Rarely
No,29,5869,Male,3,3,3,11,Travel_Rarely
No,36,8008,Female,4,3,1,12,Travel_Rarely
No,25,5206,Male,1,3,3,17,Travel_Frequently
No,39,5295,Male,3,3,2,21,Travel_Rarely
No,49,16413,Female,4,3,2,16,Travel_Rarely
No,50,13269,Female,5,3,1,15,Travel_Rarely
No,20,2783,Female,3,3,3,19,Travel_Rarely
No,34,5433,Female,3,3,2,12,Travel_Rarely
No,36,2013,Male,3,3,2,11,Travel_Rarely
No,49,13966,Female,1,3,3,19,Travel_Rarely
No,36,4374,Female,4,3,3,15,Non-Travel
No,36,6842,Male,2,3,1,20,Travel_Rarely
No,54,17426,Female,5,3,3,25,Travel_Rarely
No,43,17603,Male,2,3,3,24,Travel_Rarely
Yes,35,4581,Male,4,4,4,24,Travel_Frequently
No,38,4735,Male,3,4,4,15,Travel_Frequently
No,29,4187,Male,3,2,2,13,Travel_Rarely
No,33,5505,Male,4,3,4,14,Travel_Rarely
No,32,5470,Male,3,2,2,13,Travel_Rarely
No,31,5476,Female,4,3,4,11,Travel_Rarely
No,49,2587,Female,3,2,1,16,Travel_Rarely
No,38,2440,Female,3,3,2,22,Travel_Frequently
No,47,15972,Female,4,3,2,14,Travel_Rarely
No,49,15379,Male,3,3,3,14,Travel_Rarely
No,41,7082,Male,2,3,3,16,Travel_Rarely
No,20,2728,Male,1,3,1,11,Travel_Rarely
No,33,5368,Female,3,3,4,25,Non-Travel
No,36,5347,Male,4,2,3,14,Travel_Rarely
No,44,3195,Female,3,3,4,18,Travel_Rarely
Yes,23,3989,Male,1,3,3,11,Travel_Rarely
No,38,3306,Female,2,2,3,19,Travel_Rarely
No,53,7005,Male,4,3,4,15,Travel_Rarely
Yes,48,2655,Female,2,3,3,11,Travel_Frequently
Yes,32,1393,Male,4,3,2,12,Travel_Rarely
No,26,2570,Male,3,3,4,20,Non-Travel
No,55,3537,Male,3,3,2,12,Travel_Rarely
No,34,3986,Male,2,4,4,14,Travel_Rarely
No,60,10883,Male,4,4,4,20,Travel_Rarely
No,33,2028,Male,3,3,2,18,Travel_Rarely
No,37,9525,Male,4,2,4,14,Travel_Frequently
No,34,2929,Female,3,3,4,12,Travel_Rarely
Yes,23,2275,Male,3,3,4,21,Travel_Rarely
No,44,7879,Female,3,3,4,19,Travel_Rarely
No,35,4930,Male,4,4,4,14,Travel_Frequently
No,43,7847,Male,3,3,4,17,Travel_Rarely
No,24,4401,Male,3,3,3,16,Travel_Rarely
No,41,9241,Male,3,3,3,12,Travel_Rarely
No,29,2974,Female,4,3,3,17,Travel_Rarely
No,36,4502,Female,4,2,4,15,Travel_Rarely
No,45,10748,Male,1,2,3,23,Non-Travel
Yes,24,1555,Male,1,3,3,11,Travel_Rarely
Yes,47,12936,Male,3,1,3,11,Travel_Frequently
No,26,2305,Male,4,4,3,15,Travel_Rarely
No,45,16704,Female,2,3,2,11,Travel_Rarely
No,32,3433,Male,3,2,3,13,Travel_Frequently
No,31,3477,Male,4,4,3,14,Travel_Rarely
No,41,6430,Male,3,3,2,19,Non-Travel
No,40,6516,Female,2,3,1,16,Travel_Rarely
No,24,3907,Male,1,4,1,13,Travel_Rarely
No,46,5562,Male,4,3,2,14,Travel_Rarely
No,35,6883,Male,4,3,3,16,Travel_Rarely
No,30,2862,Male,1,2,4,12,Travel_Rarely
No,47,4978,Male,4,1,2,11,Non-Travel
No,46,10368,Male,3,2,4,12,Travel_Rarely
Yes,36,6134,Male,5,3,1,13,Travel_Rarely
Yes,32,6735,Male,2,3,2,15,Travel_Rarely
No,23,3295,Female,1,1,2,13,Travel_Rarely
No,31,5238,Female,1,2,4,20,Travel_Frequently
No,39,6472,Male,3,3,4,15,Non-Travel
No,32,9610,Male,3,1,3,13,Travel_Rarely
No,40,19833,Male,4,2,2,14,Travel_Rarely
No,45,9756,Female,3,4,3,21,Travel_Rarely
No,30,4968,Female,4,3,1,16,Travel_Frequently
No,24,2145,Male,3,3,4,14,Travel_Frequently
Yes,30,2180,Female,3,2,4,11,Travel_Frequently
No,31,8346,Male,3,3,3,19,Travel_Rarely
No,27,3445,Female,3,2,4,11,Travel_Rarely
Yes,29,2760,Female,3,3,2,13,Travel_Rarely
No,29,6294,Male,3,4,3,12,Travel_Frequently
No,30,7140,Male,2,3,1,11,Travel_Rarely
No,34,2932,Male,4,3,4,14,Travel_Rarely
No,33,5147,Female,3,2,2,15,Non-Travel
No,49,4507,Female,4,4,4,12,Travel_Rarely
Yes,33,8564,Female,3,2,1,20,Travel_Rarely
No,38,2468,Female,2,2,2,14,Travel_Frequently
Yes,31,8161,Male,4,3,3,13,Travel_Rarely
No,29,2109,Female,3,3,1,13,Travel_Rarely
No,30,5294,Male,3,3,3,16,Travel_Rarely
No,32,2718,Male,4,3,2,14,Non-Travel
No,38,5811,Male,3,3,4,16,Travel_Rarely
Yes,43,2437,Male,3,3,3,16,Travel_Frequently
No,42,2766,Male,3,2,2,22,Travel_Rarely
No,55,19038,Male,3,3,1,12,Travel_Rarely
No,33,3055,Male,3,2,2,15,Non-Travel
No,41,2289,Male,4,3,1,20,Travel_Rarely
No,34,4001,Male,3,3,3,14,Non-Travel
No,53,12965,Female,4,2,3,20,Non-Travel
No,43,3539,Male,3,3,4,13,Travel_Rarely
No,34,6029,Female,2,3,4,12,Travel_Rarely
Yes,21,2679,Male,1,3,2,13,Travel_Rarely
No,38,3702,Female,2,3,3,11,Travel_Rarely
Yes,22,2398,Female,1,3,1,17,Travel_Rarely
No,31,5468,Female,4,3,4,14,Travel_Rarely
No,51,13116,Female,3,3,3,11,Travel_Rarely
No,37,4189,Male,2,3,2,14,Travel_Rarely
No,46,19328,Male,4,3,4,17,Travel_Rarely
No,36,8321,Male,3,3,1,13,Travel_Rarely
Yes,44,2342,Male,2,2,2,12,Travel_Frequently
No,37,4071,Male,2,2,2,13,Travel_Rarely
Yes,35,5813,Male,3,3,4,18,Travel_Rarely
No,33,3143,Male,4,3,1,19,Travel_Rarely
No,28,2044,Male,3,4,4,11,Travel_Rarely
No,39,13464,Male,1,3,3,21,Travel_Rarely
No,46,7991,Male,2,3,2,15,Non-Travel
No,40,3377,Female,2,2,1,17,Travel_Rarely
No,42,5538,Male,3,2,1,18,Travel_Rarely
No,35,5762,Male,2,3,4,14,Non-Travel
No,38,2592,Male,3,3,2,13,Non-Travel
Yes,34,5346,Male,4,2,1,17,Travel_Frequently
Yes,37,4213,Male,4,1,1,15,Travel_Rarely
No,39,4127,Male,3,3,4,18,Travel_Frequently
No,43,2438,Male,3,2,3,13,Non-Travel
No,41,6870,Male,3,1,2,12,Travel_Rarely
No,41,10447,Female,1,4,3,13,Travel_Rarely
No,30,9667,Female,3,3,3,14,Travel_Rarely
Yes,26,2148,Female,2,3,2,11,Travel_Rarely
Yes,46,8926,Female,2,4,2,22,Travel_Rarely
No,40,6513,Female,3,3,4,17,Travel_Rarely
No,34,6799,Male,2,3,3,21,Travel_Rarely
No,58,16291,Male,3,2,2,22,Non-Travel
No,35,2705,Male,4,4,3,16,Travel_Rarely
No,47,10333,Female,3,3,2,12,Travel_Rarely
No,40,4448,Female,3,3,1,12,Travel_Rarely
No,54,6854,Female,4,2,4,15,Travel_Rarely
No,31,9637,Female,4,3,1,14,Travel_Frequently
No,28,3591,Female,3,3,1,25,Travel_Rarely
No,38,5405,Female,4,2,4,20,Travel_Rarely
No,26,4684,Male,3,3,4,13,Travel_Rarely
No,58,15787,Male,4,3,3,14,Travel_Frequently
No,18,1514,Female,3,1,3,16,Non-Travel
Yes,31,2956,Male,5,3,1,17,Travel_Rarely
Yes,29,2335,Male,3,3,1,15,Travel_Rarely
No,45,5154,Female,4,4,3,22,Non-Travel
No,36,6962,Female,4,3,2,22,Travel_Rarely
No,43,5675,Male,4,3,4,20,Travel_Frequently
No,27,2379,Female,2,2,4,14,Travel_Frequently
No,29,3812,Male,1,4,4,13,Travel_Frequently
No,32,4648,Male,4,4,4,13,Travel_Frequently
No,42,2936,Male,4,2,3,22,Non-Travel
No,47,2105,Female,4,3,3,12,Travel_Rarely
No,46,8578,Male,2,2,4,14,Travel_Rarely
No,28,2706,Male,2,3,4,15,Non-Travel
No,29,6384,Male,1,3,3,17,Travel_Rarely
No,42,3968,Male,3,3,3,13,Travel_Rarely
Yes,32,9907,Male,4,2,2,12,Travel_Rarely
No,46,13225,Female,3,3,1,12,Travel_Rarely
No,27,3540,Female,1,3,3,21,Travel_Rarely
No,29,2804,Male,1,3,2,11,Travel_Rarely
No,43,19392,Female,3,3,3,13,Travel_Rarely
No,48,19665,Male,3,3,2,12,Travel_Rarely
Yes,29,2439,Male,2,2,4,24,Travel_Frequently
Yes,46,7314,Female,3,3,2,21,Travel_Rarely
No,27,4774,Female,3,2,1,19,Travel_Frequently
No,39,3902,Male,4,3,4,14,Travel_Rarely
No,55,2662,Male,4,4,4,20,Travel_Rarely
No,28,2856,Female,3,3,2,19,Travel_Rarely
Yes,30,1081,Male,3,2,4,13,Travel_Rarely
Yes,22,2472,Male,1,3,2,23,Travel_Rarely
No,36,5673,Female,4,3,3,13,Travel_Rarely
No,31,4197,Male,3,3,3,11,Travel_Rarely
No,34,9713,Male,3,3,4,13,Travel_Rarely
No,29,2062,Male,3,3,1,14,Travel_Rarely
No,37,4284,Male,4,3,1,22,Travel_Rarely
No,35,4788,Female,2,3,2,11,Travel_Rarely
No,45,5906,Female,2,2,4,13,Travel_Rarely
No,36,3886,Male,1,2,4,21,Travel_Frequently
No,40,16823,Male,4,3,1,11,Travel_Rarely
No,26,2933,Female,2,2,3,13,Travel_Rarely
No,27,6500,Female,2,2,3,14,Travel_Rarely
No,48,17174,Female,3,3,4,11,Travel_Frequently
No,44,5033,Male,4,3,1,15,Travel_Rarely
Yes,34,2307,Male,4,3,1,23,Non-Travel
Yes,56,2587,Male,2,3,4,16,Travel_Rarely
No,36,5507,Male,2,1,2,16,Travel_Rarely
No,41,4393,Female,3,3,2,21,Travel_Rarely
No,42,13348,Male,3,4,1,13,Travel_Rarely
No,31,6583,Female,2,3,4,11,Travel_Rarely
No,34,8103,Female,1,2,4,12,Travel_Rarely
No,31,3978,Female,3,2,3,12,Travel_Rarely
No,26,2544,Male,3,3,4,18,Travel_Frequently
No,45,5399,Male,4,3,3,12,Travel_Frequently
No,33,5487,Male,4,2,3,14,Travel_Rarely
No,28,6834,Male,2,3,4,12,Travel_Frequently
Yes,29,1091,Male,3,3,1,17,Travel_Frequently
No,39,5736,Female,4,3,3,19,Non-Travel
No,27,2226,Male,4,2,2,11,Travel_Rarely
No,34,5747,Male,4,3,4,15,Travel_Frequently
Yes,28,9854,Female,2,3,3,11,Travel_Rarely
No,47,5467,Male,4,4,2,18,Non-Travel
No,56,5380,Female,5,3,1,16,Travel_Rarely
No,39,5151,Male,2,3,1,25,Travel_Rarely
No,38,2133,Female,3,3,2,16,Travel_Frequently
No,58,17875,Female,3,2,4,13,Travel_Rarely
Yes,32,2432,Female,2,3,3,14,Travel_Frequently
No,38,4771,Male,2,4,4,19,Travel_Rarely
No,49,19161,Male,1,3,4,15,Travel_Frequently
No,42,5087,Male,4,3,4,12,Travel_Rarely
Yes,27,2863,Female,3,3,2,12,Travel_Frequently
No,35,5561,Male,4,1,1,16,Travel_Rarely
No,28,2144,Male,3,2,3,14,Non-Travel
No,31,3065,Male,2,4,1,13,Non-Travel
No,36,2810,Male,4,3,2,22,Non-Travel
No,34,9888,Male,3,2,4,21,Travel_Rarely
No,34,8628,Male,4,2,3,18,Travel_Rarely
No,26,2867,Male,3,2,1,13,Travel_Rarely
No,29,5373,Male,3,2,1,12,Travel_Rarely
No,32,6667,Female,4,3,4,18,Non-Travel
No,31,5003,Male,3,3,1,21,Travel_Frequently
Yes,28,2367,Male,3,2,4,12,Travel_Rarely
No,38,2858,Male,3,2,1,14,Travel_Rarely
No,35,5204,Female,4,3,4,11,Travel_Rarely
No,27,4105,Male,3,3,4,14,Travel_Rarely
No,32,9679,Male,4,3,4,24,Travel_Rarely
Yes,31,5617,Male,4,3,4,11,Travel_Frequently
Yes,53,10448,Male,4,2,1,13,Travel_Rarely
No,54,2897,Female,2,2,3,11,Travel_Rarely
No,33,5968,Male,2,3,3,20,Travel_Frequently
No,43,7510,Male,3,3,3,17,Travel_Rarely
No,38,2991,Male,4,3,2,11,Travel_Frequently
No,55,19636,Male,4,3,2,18,Travel_Rarely
No,31,1129,Female,1,3,4,11,Travel_Rarely
No,39,13341,Male,4,3,1,12,Travel_Rarely
No,42,4332,Male,2,3,3,12,Non-Travel
No,31,11031,Female,3,4,3,20,Non-Travel
No,54,4440,Female,3,3,1,19,Travel_Rarely
No,24,4617,Male,2,2,3,12,Travel_Rarely
No,23,2647,Male,2,4,4,13,Travel_Rarely
No,40,6323,Female,3,4,3,11,Travel_Frequently
No,40,5677,Female,2,3,2,14,Travel_Rarely
No,25,2187,Female,3,3,2,14,Travel_Rarely
No,30,3748,Male,2,2,2,13,Travel_Rarely
No,25,3977,Male,1,2,3,19,Travel_Rarely
No,47,8633,Male,3,3,3,23,Travel_Rarely
No,33,2008,Male,2,2,3,12,Non-Travel
No,38,4440,Male,4,3,2,15,Travel_Rarely
No,31,3067,Male,2,3,3,19,Travel_Rarely
No,38,5321,Male,4,3,3,11,Travel_Frequently
No,42,5410,Male,4,2,1,17,Travel_Rarely
No,41,2782,Male,3,3,4,22,Travel_Rarely
No,47,11957,Female,1,1,2,18,Non-Travel
No,35,2660,Male,4,3,3,11,Travel_Rarely
No,22,3375,Male,2,4,3,12,Travel_Rarely
No,35,5098,Male,4,3,3,19,Travel_Rarely
No,33,4878,Female,2,3,4,13,Travel_Rarely
No,32,2837,Female,4,3,2,13,Travel_Rarely
No,40,2406,Male,4,2,4,19,Travel_Rarely
No,32,2269,Male,4,3,2,14,Travel_Rarely
No,39,4108,Male,1,3,4,13,Travel_Rarely
No,38,13206,Female,3,3,3,12,Travel_Rarely
No,32,10422,Female,4,3,4,19,Travel_Rarely
No,37,13744,Female,3,3,4,25,Travel_Rarely
No,25,4907,Female,2,2,3,22,Travel_Rarely
No,52,3482,Male,4,2,4,15,Non-Travel
No,44,2436,Male,3,3,4,12,Travel_Rarely
No,21,2380,Male,1,3,1,11,Travel_Rarely
No,39,19431,Male,3,2,4,13,Non-Travel
Yes,23,1790,Male,3,2,1,19,Travel_Frequently
No,36,7644,Female,3,3,4,19,Travel_Rarely
No,36,5131,Female,2,3,2,13,Travel_Frequently
No,56,6306,Male,4,2,3,21,Non-Travel
Yes,29,4787,Male,4,4,4,14,Travel_Rarely
No,42,18880,Male,3,2,3,11,Travel_Rarely
Yes,56,2339,Male,2,1,3,11,Travel_Rarely
No,41,13570,Female,4,3,2,23,Travel_Rarely
No,34,6712,Female,3,3,3,21,Travel_Rarely
No,36,5406,Male,4,2,4,24,Non-Travel
No,41,8938,Male,3,3,2,11,Travel_Rarely
No,32,2439,Male,3,3,1,14,Travel_Rarely
No,35,8837,Female,4,3,4,16,Travel_Rarely
No,38,5343,Female,2,3,4,11,Travel_Rarely
Yes,50,6728,Male,4,3,3,12,Travel_Frequently
No,36,6652,Female,4,2,4,13,Travel_Rarely
No,45,4850,Female,3,3,3,15,Travel_Rarely
No,40,2809,Male,4,3,3,14,Travel_Rarely
No,35,5689,Male,4,4,3,14,Travel_Frequently
No,40,2001,Female,4,3,3,14,Travel_Rarely
No,35,2977,Female,4,3,4,12,Travel_Rarely
No,29,4025,Male,2,3,2,13,Travel_Rarely
No,29,3785,Female,4,1,1,14,Travel_Rarely
Yes,50,10854,Male,3,3,1,13,Travel_Rarely
No,39,12031,Female,1,2,4,11,Travel_Rarely
No,31,9936,Male,3,3,1,19,Non-Travel
No,26,2966,Female,3,3,3,18,Travel_Rarely
No,36,2571,Male,2,3,4,17,Travel_Frequently
No,39,9991,Male,1,3,1,15,Travel_Rarely
No,27,6142,Male,3,3,2,20,Travel_Rarely
No,49,5390,Male,3,2,2,14,Travel_Frequently
No,34,4404,Male,3,4,3,12,Travel_Rarely
